{"TOPE986YU8QH6DZU": [], "TOPE78W7RTPGRH9E": [], "TOPE7G33GSHAHNHE": [], "TOPE986YSJZF8VYS": [], "TOPE7XHGFHZQZRJZ": [], "TOPE8YYH2NY7GDGK": [], "TOPDTHGFZ7C3GJWH": [], "TOPE7XMMHGCEZHVK": [], "TOPE7XHJCKHJMKFF": [], "TOPE8YAU3FSJUHHH": [], "TOPE8YYHFVMX6UQY": [], "TOPE7G334D9WRSGP": [["TOPE7U8MN9PXFVG9", "1.0"], ["TOPE7U8M8DWXG8NY", "1.0"]], "TOPE8N22DESQUFYG": [], "TOPE8ZHJFYHBPBNH": [["TOPE8ZHJYVFEHZAJ", "1.0"], ["TOPE8ZHJYVFEHZAJ", "0.6"]], "TOPE7XHJPJ4HMBEF": [["TOPE7XHGHX6GPPWG", "1.0"], ["TOPE7XHJXKWZ3VDG", "1.0"], ["TOPE7XHJPZHVGQH5", "1.0"]], "TOPE8ZY8B5XQ75UA": [], "TOPE7G33ZDF2GFRR": [], "TOPE83AFK7WKBVQ5": [], "TOPE6GAURXUQSGHN": [], "TOPE94PPFTGTVGXK": [], "TOPE95ZXJKBNZKZ8": [], "TOPE7XCGVYDA4HPE": [["TOPE7XMM7AJCF9WF", "1.0"], ["TOPE7XMMJKHDUZ8P", "1.0"], ["TOPE7XMMVF43YWN4", "1.0"], ["TOPE2EM3WJU9KHJZ", "1.0"]], "TOPE8YYCVVFNMS8M": [], "TOPE6YR3FKFFGRG4": [], "TOPEYJPNEUNQDHJF": [], "TOPE6E89DWYGG6AA": [], "TOPEYW3NT4RDHGMK": [], "TOPDVRBGHUKSZVH5": [], "TOPE8B3QRGRMBZ8V": [], "TOPE6XZP5XW5NHZA": [], "TOPE7U8MJFZRZKSW": [["TOPE7U8MC9HCVEDW", "1.0"], ["TOPE7U8MDAVGYSTD", "1.0"], ["TOPE7U8MC9HCVEDW", "0.6"]], "TOPDU93HGUVXVWCF": [], "TOPE7T5FGQMTKN3H": [], "TOPE8YYHKYHDWAZV": [], "TOPE89ZKKXS6NDSR": [], "TOPE7FYYMN93HSVX": [], "TOPE7G33XY6Y5FPC": [], "TOPE73V5HTEDKPAP": [["TOPE73V5PBDPSRA4", "1.0"], ["TOPE73V5BCZNXDCR", "1.0"], ["TOPE73V5CR8DJVGY", "1.0"]], "TOPE8ZFZ3YC2V2QG": [], "TOPE8ZEZMFCGAHHM": [["TOPE8ZEZSTKAAHJF", "1.0"]], "TOPE986YVZC4EZCZ": [["TOPE986YMSK8FEDS", "1.0"], ["TOPE986YTQF4VSC6", "1.0"], ["TOPE986YMSK8FEDS", "0.6"], ["TOPE986YTQF4VSC6", "0.6"]], "TOPE7XMMWHMRFZNA": [], "TOPE8YAUUTCUJTZC": [], "TOPE2ZBV2WPYNCTR": [], "TOPEFGFWEZ8KUCUQ": [], "TOPE66FCMGYJM95Y": [], "TOPDWZTF45NVUEES": [], "TOPE7BBWXGHVVCWP": [], "TOPE8B3QPPJSHAY6": [], "TOPE6KWBB7GFT8ET": [["TOPE6KWB7QASBYVW", "1.0"], ["TOPE6KWB7QASBYVW", "0.6"]], "TOPE6SDNZQZVKKGB": [], "TOPE986YYZMYEJQP": [["TOPE986YGFW7JTFN", "1.0"], ["TOPE986YGFW7JTFN", "0.6"]], "TOPE6ZPWBX7HD6PF": [], "TOPE7G33GKRH9PSA": [], "TOPE6TCAG2HGTHMU": [], "TOPE73V5YGDZVBBT": [], "TOPE7XCGJQWBYVBW": [], "TOPE8N226TECDFYS": [], "TOPE7XCGPZYRJ2S8": [], "TOPE6E89ENCUXBGC": [], "TOPE7XHG9H3SMWFD": [["TOPE7XHG3J7K7GZG", "1.0"]], "TOPE8B5H3ERPGA9V": [], "TOPE8YYHPPEAQB9T": [], "TOPE7XMMF68U2F4C": [], "TOPE83AF2JAKGDHZ": [], "TOPE8YAU47SDXFED": [["TOPE8YAUGSAPYUYQ", "1.0"]], "TOPE6ZCHCG4H5HYQ": [], "TOPE8R7JFVQUAZNT": [["TOPE8R7JZ3MV6FY4", "1.0"]], "TOPE6Y7HSDDXPHZN": [], "TOPE5HVZ3FUNHSKF": [], "TOPEFRB4CHVGHG4R": [], "TOPE5K6BHB8ZJXMH": [["TOPE5K6BMMG5YJJJ", "1.0"], ["TOPE5K6BMMG5YJJJ", "0.6"], ["TOPE5K6BKCCCPQRY", "0.6"]], "TOPE7TZHXHVYGWGY": [], "TOPE5K6BKCCCPQRY": [["TOPE5K6BMMG5YJJJ", "0.6"]], "TOPE6SDMFTQWVQ2N": [["TOPE6SDMCDDVQPFK", "1.0"]], "TOPE83AFCVDTVA7T": [], "TOPE7XMM7DXCDUPG": [], "TOPE5GBM5CFKMDYK": [], "TOPE7KBHQDFJADWT": [["TOPE7KBHD5GXVTXH", "1.0"]], "TOPE7FCK88NKTNT5": [], "TOPE6H7KRS5KZHHF": [], "TOPE6ZCKGRZVJHBW": [], "TOPE8N22G9XKN3X7": [], "TOPE7YRY4YMTJTY8": [], "TOPE92G2S7YDCPXZ": [], "TOPE4FF3GXHNWZM4": [], "TOPE6H7KFZ4ZPDJ3": [], "TOPE7TXKVTTYJZG2": [], "TOPE7HZYHJFVVKHR": [], "TOPDYPYCDH48JUSH": [], "TOPE7XCG4QGZNUB4": [], "TOPE7XMMHFTAFJXG": [], "TOPE7CKNXYAEJUUM": [["TOPE7CKNEHPSXBHX", "1.0"], ["TOPE7CKNEHPSXBHX", "0.6"]], "TOPE7TZHKFRPQZNG": [], "TOPE8FZ32WFGWAUF": [], "TOPE7U8MCWBNDTUY": [], "TOPE8ZENS5CSYFTK": [], "TOPE6TCAS5RHPMHY": [], "TOPE6TCA83Z3AKJU": [], "TOPE7XHGZZTFBFKN": [["TOPE7XHGSYQQJYBJ", "1.0"]], "TOPE8BZACHSUMG6U": [], "TOPE7XCGWP8CKXZY": [], "TOPE7U8MZHQHA3BQ": [], "TOPE94FURDGGDHYH": [], "TOPE8YAUZCMSSEJ4": [], "TOPE66EH7XWTCUDZ": [], "TOPE8R7KRABNCNJA": [], "TOPE7XCGBUTC5YGU": [], "TOPE7XMMF3RDJBZ8": [["TOPE7XMMMUDDRFXU", "1.0"]], "TOPEF2HAP4CMCYQ3": [["TOPEF2HAFGTWRDPD", "1.0"]], "TOPEYJXYSUQAPXUE": [], "TOPE2A6M4KTXYVRY": [], "TOPE8N226CYKF58A": [], "TOPE83AF29UTGHBF": [], "TOPE6Q7WJHZRHUCW": [], "TOPE73V5FGVY6H5E": [["TOPE73V5AWYY3GTF", "1.0"]], "TOPE6H7KDXZ2JRNA": [], "TOPE7FCKYYFM6WUH": [], "TOPE8H94TBHBVKC2": [], "TOPE73V5H9ZKKEF4": [], "TOPE83AFR9QYWQYR": [], "TOPE7BDHHDQQ7E9Z": [], "TOPE5SN2UXYV36F8": [], "TOPE2ZBVQZEYY9ZG": [], "TOPE8N22KHVTCWYC": [], "TOPE6TCAZ2RYNDYG": [["TOPE6TCAPJTUF88C", "1.0"]], "TOPE7T5FEC796FTV": [], "TOPE8ZAFYBXTYJBY": [], "TOPE8CZHXGJGZ9ZG": [], "TOPE92G2HCJ39GPP": [], "TOPDSW98VFCSDYXQ": [], "TOPDYZZTGD22CXYJ": [], "TOPE8YYCDGYKB5VF": [], "TOPE7G27FMJQGRBK": [], "TOPEF2HAJZ5PAXY6": [["TOPEF2HA7XH6TEEZ", "1.0"]], "TOPE83AFUHDXTDZB": [["TOPE83AFHTAH7KH3", "1.0"]], "TOPE7XHGB7JPFHRF": [], "TOPE7G33HX3AGENT": [], "TOPE7B9FKYHCTMCQ": [], "TOPE8ZEZ4FGKZDBE": [], "TOPE8ZAFZZAC3B2J": [], "TOPDSU6XSWU8HQMR": [], "TOPE6Z59FQYCQMHS": [], "TOPE83AFHHZYG9RN": [["TOPE83AFRQ5YZDFY", "1.0"], ["TOPE83AFGTSV62BV", "1.0"], ["TOPE83AFVW2HZ9GY", "1.0"]], "TOPE7XCGTEBUZSHS": [["TOPE7XCGF2FZVYSB", "1.0"]], "TOPE865ZSHYAGEUW": [], "TOPE6H7KXWYDRCAH": [], "TOPE7G33P62ENTZQ": [], "TOPE986YDEZ97PYE": [], "TOPE7BDHN36HKSHA": [], "TOPE6KWBFAARWGHG": [], "TOPE8HQPTAYV7BCG": [["TOPE8HQPW42CXGZY", "1.0"], ["TOPE8HQPW42CXGZY", "0.6"]], "TOPE7BDHWM4VUHWS": [], "TOPE7JHZWYF6V7RY": [], "TOPE8M9QSFYQRXZG": [["TOPE8M9QVJ39ZZMX", "1.0"]], "TOPE7KBHH3SGQGGE": [], "TOPE8N22G4B4NER4": [["TOPE8N22KZUHR6YG", "1.0"], ["TOPE8N22KZUHR6YG", "0.6"]], "TOPDYGAVYB8H5YQM": [], "TOPDY2PBFRHEC8VR": [["TOPDY2PB5GW7SVZU", "1.0"], ["TOPDY2PBVJRDNTDC", "1.0"], ["TOPDY2PB5GW7SVZU", "0.6"], ["TOPDY2PBVJRDNTDC", "0.6"]], "TOPE7XCGQ77PQ3VF": [["TOPE7XCGRGBYH2TH", "1.0"]], "TOPE86C8HHN55Z7S": [], "TOPE8YAUWNDNUG3U": [], "TOPE6SDME2TSB7TM": [], "TOPE8R7JTZJBRMKG": [], "TOPE78W7EAHVSD7J": [], "TOPE8B3QH6FNGTCF": [], "TOPE6KZCZHBNYM9R": [], "TOPDP5ZUTCHZ2VP8": [], "TOPE6H7KQEYNNFWE": [], "TOPE7CD4ETPFHCDX": [["TOPE7CD4FZXYEY2F", "1.0"]], "TOPE7XCGGFQ6EZXK": [], "TOPE6TCATEKRVWGF": [["TOPE6TCAZ23MFBES", "1.0"]], "TOPE7BDHRF6CHJ7G": [], "TOPE6ZVNGFBXZQ6J": [], "TOPE8M9QZADCBM2G": [], "TOPE83AFJQK2XRSH": [["TOPE83AFNNSMWYHT", "1.0"], ["TOPE83AFJBFDMRMB", "1.0"]], "TOPE5K6BZZPWPHH4": [], "TOPE8QQSCBVGV6M7": [], "TOPE89XQGH6ABZ3Z": [], "TOPE8EXFDZWET454": [["TOPE8EXFFPGVDHFM", "1.0"], ["TOPE8EXFFPGVDHFM", "0.6"]], "TOPE8YAUAQNZFKPM": [], "TOPE8Z6FG3ZRASQZ": [], "TOPE7U8MRGVTVX52": [["TOPE7U8NBNS3PHN9", "1.0"], ["TOPE7U8NFNMXGZMN", "1.0"], ["TOPE7U8NGAHQGGVE", "1.0"], ["TOPE7U8NB9DYEFZN", "1.0"], ["TOPE7U8NNCFYHXRQ", "1.0"], ["TOPE7U8NBNS3PHN9", "0.6"], ["TOPE7U8NFNMXGZMN", "0.6"], ["TOPE7U8NGAHQGGVE", "0.6"], ["TOPE7U8NNCFYHXRQ", "0.6"]], "TOPE89GM4KNH3T4G": [["TOPE89GMMHAD8YSD", "1.0"], ["TOPE89GMPQNAXFFZ", "1.0"], ["TOPE89GMMHAD8YSD", "0.6"], ["TOPE89GMPQNAXFFZ", "0.6"]], "TOPE7G33WHZCEJYE": [], "TOPE8M6R2XZCZG8Z": [["TOPE8M6RMN7SBFVG", "1.0"]], "TOPE7KBM5MMGMFUF": [], "TOPE92GF5QTDHP6M": [], "TOPE7KBHEGA2VVXK": [], "TOPE7T4YMDYDZYS5": [], "TOPE7G33BKEXZZHT": [["TOPE7U8MTATAGP5P", "1.0"], ["TOPE7U8MSDMAP6FE", "1.0"]], "TOPDZ4H9GMMGTHCG": [], "TOPE89U33RKNHX7Y": [], "TOPE7XMMFKQZBHVH": [], "TOPE73V5KRZYX6EF": [], "TOPE73V5N3XGP7NB": [], "TOPE6SDMXBZFH8XE": [], "TOPE7XHJBKFZG5HG": [], "TOPE7U8MGRG59CZQ": [], "TOPE6H7KTVA8K8HG": [], "TOPE6ZCKD9APZWXF": [["TOPE6ZCKPPPAR7GF", "1.0"], ["TOPE6ZCKZSURA2HU", "1.0"]], "TOPE83AFTPRKMUUY": [["TOPE83AFGJZCHQK9", "1.0"]], "TOPE7U8MFBZXJZQX": [["TOPE7U8MEDJHMJDT", "1.0"], ["TOPE7U8MEDJHMJDT", "0.6"]], "TOPE73V5QBHDYYDZ": [["TOPE73V5YRJHCGJH", "1.0"]], "TOPE6SDMYHAFVAGZ": [], "TOPE7G33SDEZT283": [["TOPE7U8MHWPSWNH2", "1.0"]], "TOPE73V5EBQUUZS9": [["TOPE73V554NUNZHR", "1.0"]], "TOPDU9FX36JRWT6S": [], "TOPE8ZHJ4FPRNU5Y": [], "TOPE7T5FHUEWSZMF": [], "TOPE73V5D6BRFSAP": [["TOPE73V5HC5CGP5P", "1.0"]], "TOPE9ABBZU3HZRHN": [["TOPE9ABBBTJYDSQE", "1.0"], ["TOPE9ABBBTJYDSQE", "0.6"]], "TOPE6XZPXBP5APH9": [["TOPE6XZPRUAFWPBH", "1.0"]], "TOPE8ZAFDDQCNZSJ": [], "TOPE8B3QCYXJKZQH": [], "TOPE6T9FGHWGTSB8": [["TOPE6T9FCG4FQGTC", "1.0"], ["TOPE6T9FCG4FQGTC", "0.6"]], "TOPE8ZAFQ9QMYJFT": [["TOPE8ZAFM7DTTZPT", "1.0"], ["TOPE8ZAFM7DTTZPT", "0.6"]], "TOPE9AZZSMSZFYAM": [], "TOPE7U8MZFBHRHHP": [["TOPE7U8MGBCRV7QG", "1.0"], ["TOPE7U8MYVRRTMSU", "1.0"], ["TOPE7U8MVFCJB6Z3", "1.0"], ["TOPE7U8MGBCRV7QG", "0.6"], ["TOPE7U8MYVRRTMSU", "0.6"], ["TOPE7U8MVFCJB6Z3", "0.6"]], "TOPE8SEUM9G7RYP9": [["TOPE8SEU8QPCWDHY", "1.0"]], "TOPE5K6B7JKVT2XJ": [["TOPE5K6BAUP9BRCQ", "1.0"], ["TOPE5K6BAUP9BRCQ", "0.6"]], "TOPDVRBGGSHCCY62": [], "TOPE7U8MYCRGYZJP": [], "TOPE6469QJPUHKPX": [], "TOPE7XMMDFTJJQBC": [["TOPE7XMMNYGHRKMZ", "1.0"]], "TOPE8YAUMTFX2RWC": [["TOPE8YAUQ3JPR6K2", "1.0"], ["TOPE8YAUQ3JPR6K2", "0.6"]], "TOPE7BDHRXJ3WSBZ": [], "TOPE2FJ8JSHZWUHC": [], "TOPE8E5ZR7PFYFQG": [], "TOPE986YEU9Z6TN5": [["TOPE986YUDZ3NKBY", "1.0"], ["TOPE986YUDZ3NKBY", "0.6"]], "TOPE986YGNDYCCH2": [], "TOPE7T5F9W8ZPV2H": [["TOPE7T5FFFXGEV2H", "1.0"]], "TOPE8YAUDXB3M3TH": [], "TOPE83AFRH3CWZZZ": [], "TOPE8AFEHANZSDRQ": [], "TOPE7PGX66KGZERH": [], "TOPE8R7JJX7QGZXH": [], "TOPE8Y6WYVGDSZWN": [], "TOPE3WSTJNGYNB7J": [["TOPE3WST4QQKKFKB", "1.0"], ["TOPE3WST2J9CDPJA", "1.0"], ["TOPE3WST4QQKKFKB", "0.6"], ["TOPE3WST2J9CDPJA", "0.6"]], "TOPEF2HAZ6ZDCJQN": [], "TOPE7KBHRHAMRKZV": [], "TOPE7XCGKNPJPPGG": [], "TOPE95ZXZG9CYGW3": [], "TOPE5HVZ22WZCQ7T": [], "TOPE6SDMHNKV7YC9": [["TOPE6SDM89JSNZP3", "1.0"], ["TOPE6SDM4HJHHVG2", "1.0"]], "TOPE6XZPUVT9C7RU": [], "TOPE8GGHHGNWEYAE": [], "TOPE83AFNZFJXC3T": [], "TOPE8666CHUJDF5V": []}